"","name","price","ratings","reviews"
"1","Iris Plaza Work Chair Designed to Match with White Tone; Urethane Filled Seat Prevents Fatigue Even When Sitting for Long Times; Uses Urethane Casters That Won't Scratch Your Floor, Easy Assembly With","$82.64","4.3 out of 5 stars.","1"
"2","AutoFull Gaming Chair Ergonomic Gamer Chair with 3D Bionic Lumbar Support Racing Style PU Leather Computer Gaming Chair for Adults with Footrest,Brown","$502.60","3.9 out of 5 stars.","3,140"
"3","Iris Ohyama WAC-L Wood Arm Chair, Large, Recliner Chair, 6 Levels of Waist, 14 Levels of Reclining Head, Foldable, Width 22.8 x Depth 25.2-34.6 inches (58 x 64-88 x 91.5-101 cm), Beige","$192.62","4.2 out of 5 stars.","1,000"
"4","Iris Ohyama FAC-RHB Wood Arm Recliner Chair, White","$178.14","4.0 out of 5 stars","319"
"5","Flash Furniture Mid-Back Ergonomic Drafting Chair Chrome Foot Ring, Adjustable Arms, Black Mesh/White Frame, Set of 1","$77.11","4.5 out of 5 stars","246"
"6","Intex Empire Chair","$94.44","3.9 out of 5 stars","34"
"7","OSJ Dining Chair, Velvet Chair, Velvet, Dining Chair, Modern, Scandinavian, Dining Chair, White, 24.8 x 17.7 x 4.3 inches (63 x 45 x 11 cm)","$128.06","4.0 out of 5 stars","120"
"8","Modway EEI-1532-WHI Office Chair Ripple White Ribbed Armless","$126.42","4.0 out of 5 stars","194"
"9","Nakabayashi Z0616 Office Chair, Desk Chair, Mesh Chair, Armrests, Black","$183.52","3.5 out of 5 stars","166"
"10","Itoki Salida YL2-BE White Frame Model Beige Office Chair [Compact High Cost Performance/Comfortable Sitting/Molded Urethane Seat/Simple Locking Function (105° - 112°)/ 360° Rotation/ 4.1 inches (105","$92.27","3.1 out of 5 stars","67"
"11","Iris Ohyama OFC-MBH Mesh Back Chair, High Back, Black","$37.33","4.0 out of 5 stars","171"
"12","Fuji Boeki 88625 Folding Pipe Chair, Slim, Black, Synthetic Leather","$102.85","3.7 out of 5 stars","2,280"
"13","Flash Furniture Whitney High-Back Swivel LeatherSoft Desk Chair with Padded Seat and Armrests, Adjustable Height Padded LeatherSoft Office Chair, White/Rose Gold","$133.25","4.3 out of 5 stars","1,197"
"14","Iris Plaza Study Chair with Casters, Adjustable Height and Backrest, Removable Foot Rest, Pink, Width 17.7 x Depth 19.1 x Height 29.9-34.3 inches (45 x 48.5 x 76-8","$151.28","3.9 out of 5 stars","226"
"15","FDW OC-H03-Black-MD Executive Chair, Direct Black, Ergonomic Design, Wide Seat, Back and Lumbar Support, Armrests, Rotation, Adjustable","$119.41","3.7 out of 5 stars","3,394"
"16","2X Wooden Timber Kids Chair Chairs Stool Very Sturdy Pinewood","$242.14","4.4 out of 5 stars","1,305"
"17","Flash Furniture X20 Gaming Chair Racing Office Ergonomic Computer PC Adjustable Swivel Chair with Fully Reclining Back in Red LeatherSoft","$130.70","4.1 out of 5 stars","146"
"18","Koizumi 4STEP Chair FDC-055 NS IV Four Step Chair PVC Leather Wooden Chair Leather-Like Natural Ivory White Beige Learning Study Size: W 16.3 x D 19.3-21.5 x H 29.5 x 29.5 inches (413 x 490-545 x","$148.77","4.3 out of 5 stars","2,034"
"19","Set of 8 Kids Plastic Chair Yellow Blue Red Green Up to 100KG","$67.27","4.3 out of 5 stars","254"
"20","Fuji Boeki 84056 Relaxing Chair, 1 Seater, Width 23.2 x Depth 30.3 x Height 40.2 inches (59 x 77 x 102 cm), Brown, Slim, Wood, Curved Wood, Assembly Required","$166.77","4.5 out of 5 stars","516"
"21","OSJ Office Chair, Mesh Chair, Computer Chair, Armrest, 7 Colors, Black, 21.3 x 8.3 x 3.9 inches (54 x 21 x 10 cm)","$143.54","3.8 out of 5 stars","1,711"
"22","Antlu Gas Lift Office Chair Gas Lift for Gaming Chair Office Chair Wheels Stool, Total Length 35 cm - 55 cm High Hydraulic Pneumatic Cylinder Shock Absorber Piston, Universal Size Heavy Duty (up to 200 kg)","$82.00","3.8 out of 5 stars","5"
"23","FDW (Factory Direct Wholesale) VN-H03-White Executive Chair, for Office, Rotating, Lumbar Support, Adjustable Arms, Mesh, Ergonomic Design, 22.0 x 23.4 x 39.4 inches (56 x 59.5 x 100.5 cm)","$127.74","4.5 out of 5 stars","4"
"24","Yamazen AGR-45(NV) Floor Chair, Compact, Floor Chair, Width 18.1 inches (46 cm), Foldable, for Kotatsu Table, Finished Product, Navy","$100.01","4.3 out of 5 stars","77"
"25","Fuji Boeki 70588 Eames Chair, W 20.1 x D 18.1 x H 32.3 inches (51 x 46 x 82 cm), Yellow, Dining Chair, Shell Type, Patchwork","$101.30","4.7 out of 5 stars","69"
"26","Flash Furniture Designer Black Mesh Sled Base Side Reception Chair with Adjustable Arms","$164.42","4.7 out of 5 stars","157"
"27","Fuji Boeki 15508 Gaming Chair, Office Chair, Width 25.8 inches (65.5 cm), Blue, Locking, Adjustable Height, Arm Up, Signal","$68.41","4.0 out of 5 stars","976"
"28","Flash Furniture Task Chairs, Foam Metal Plastic, Beige Fabric, W x 25"" D x 33.5""-38.5"" H","$375.57","3.6 out of 5 stars","94"
"29","Backjack Blue Regular Floor Chair","$342.96","4.0 out of 5 stars","629"
"30","FDW VNO-GF411-Grey Executive Chair, Vnewone Adjustable, Lumbar Support, Rolling, Swivel, Armrest, Gaming, Mid Back, Mesh","$52.68","4.3 out of 5 stars","1,798"
"31","Tears For Fears - Scenes From The Big Chair","$88.45","4.6 out of 5 stars","124"
"32","Modway Edge Drafting Chair In Black Vinyl - Reception Desk Chair - Tall Office Chair For Adjustable Standing Desks - Flip-Up Arm Drafting Table Chair","$84.58","4.2 out of 5 stars","2,778"
"33","FDW OC-BT380-Black Office Executive Chair, Black, Ergonomic Design, Adjustable Arm, Rolling Swivel, Lumbar Support, Wide Seat, Load Capacity: 391.7 lbs (181 kg), High Back Mesh, 29.1 x 25.6 x 43.5 inches (74 x 65 x 110.5 cm)","$181.33","4.1 out of 5 stars","6,241"
"34","Takeda Corporation K0-CZ37NV Folding Floor Chair, Navy, 14.6 x 18.9 x 16.1 inches (37 x 48 x 41 cm), Compact Chair","$143.56","3.3 out of 5 stars","347"
"35","Flash Furniture Mid-Back Black Mesh Multifunction Executive Swivel Ergonomic Office Chair with Adjustable Arms","$119.72","4.2 out of 5 stars","2,800"
"36","Nitori LBR 4011983 Rotating Dining Chair Ropia 2","$344.65","4.4 out of 5 stars","2"
"37","BestOffice Home Office Chair Ergonomic Desk Chair Mesh Computer Chair with Lumbar Support Armrest Executive Rolling Swivel Adjustable Mid Back Task Chair for Women Adults (Grey)","$71.25","4.2 out of 5 stars","682"
"38","FDW (Factory Direct Wholesale) OC1688-White Gaming Chair Ergonomic Design Footrest, Headrest, Lumbar Support, Adjustable, High Back 21.3 x 26.4 x 53.7 inches (54.1 x 67.06 x 134.1 cm)","$121.47","4.2 out of 5 stars","6"
"39","Yamazen EHL-50(WH/BK) Office Chair with Mesh Back Lumbar Support, White","$223.20","4.5 out of 5 stars","11"
"40","Itoki Salida Castle Pumpkin Desk Chair (One Piece, Natural Wooden Legs, 5 Colors to Choose from / 360° Rotation, 40 mm Seat Top Elevation, Carefully Mirror Finish, Fabric, Easy Assembly","$305.64","3.6 out of 5 stars","3,520"
"41","Takeda Corporation TRK-TC2BK Folding Floor Chair, Convenient to Carry, Black, 15.7 x 15.4 x 18.1 inches (40 x 39 x 46 cm), Memory Foam Compact Floor Chair","$203.42","3.4 out of 5 stars","415"
"42","Doshisha GSM-BL Office Chair, Breathable, Mesh, Stylish Chair, Blue","$164.30","4.2 out of 5 stars",NA
"43","Koizumi KDC-200BKNB Study Chair BK/Navy Size (W x D x H): 16.3 x 19.3 x 21.3 x 29.5 inches (413 x 490-540 x 750 mm) SH440, 470, 500, 20.9 inches (530 mm) (Outer Dimensions) Wooden Square Chair,","$134.49","4.3 out of 5 stars",NA
"44","Set of 4 Kids Plastic Pink Chair Up to 100KG",NA,"4.7 out of 5 stars",NA
"45","Koizumi FLC-399WOIV Study Chair, W17.3 x D19.5-22.8 x H30.2 inches (434 x 495-576 x 76 mm), Faris Chair, Walnut x Ivory Color",NA,"4 Stars & Up",NA
"46","Nakabayashi Z0612 Office Chair, Desk Chair, No Tools Required, Easy Assembly, Blue","$61.51","4.5 out of 5 stars.","201"
"47","Modway EEI-210-BLK Office Chair Attachment Black Mesh Back Vinyl Sheet Width 26.5 x Depth 26.5 x Height 42.5 inches (67.3 x 67.3 x 108.0 cm)","$329.81","4.5 out of 5 stars.","313"
"48","Nakabayashi RZC-271BK Office Chair, Desk Chair, Synthetic Leather, Black","$88.36","4.5 out of 5 stars.","121"
"49","Nakabayashi DFC-101KB Office Chair, Desk Chair, Blue","$101.59","4.2 out of 5 stars","41"
"50","Ergootto, Replacement Chrome Plated Steel Gas Strut for Office Chair, Office Chair or Gaming Chair - Grade 3 Gas Lift - No Time Pressure Loss - 133mm Stroke - Chrome","$69.42","4.0 out of 5 stars","9"
"51","Flash Furniture Albert Executive Swivel Office Chair, Black, Midback, Super Mesh, Seat Tilt Function, Adjustable Lumbar Included","$497.01","3.6 out of 5 stars","6"
"52","Fuji Boeki Office Chair, Desk Chair Width 27.4 x Depth 24.8 x Height 41.3-44.5 inches (69.5 x 63 x 105-113 cm), Black, Includes Ottoman, Stepless Reclining, Elevating Type, Synthetic Leather 15505","$396.23","2.9 out of 5 stars","25"
"53","Flash Furniture Kelista Mid-Back Dark Gray Mesh Ergonomic Drafting Chair | Adjustable Foot Ring, Flip-Up Arms | Comfort and Productivity","$354.16","3.9 out of 5 stars","73"
"54","Flash Fundamentals Mid Back Rotating Task Office Chair, Black Mesh, Pivot Back, Arms Included","$184.06","2.6 out of 5 stars","2,464"
"55","Iris Plaza OFC-MH Office Chair, High Back, Mesh, Breathable, Armrest, Reclining, Locking Function, Waist Support Bar, Stepless Elevation, Gray","$86.95","3.6 out of 5 stars","709"
"56","Office Chair Desk Chair Computer Chair Ergonomic Rolling Swivel Mesh Chair Lumbar Support Headrest Flip-up Arms High Back Adjustable Chair for Women& Men,Black","$396.96","3.9 out of 5 stars","1,231"
"57","Flash Furniture Elliott Vibrant Orange and Chrome Swivel Task Office Chair with Tractor Seat","$138.18","4.0 out of 5 stars","521"
"58","Gas Lift, Office Chair, Replacement Gas Lift, 1000 lbs (450 kg), Gas Pressure Damper for Swivel Chairs, Apply Office Chairs and Chairs, Height-Adjustable Gas Spring, Office Chair, Replacement Parts,","$82.74","3.8 out of 5 stars","5"
"59","Okamura 8VC11A-FVG6 Office Chair, Telework, Work Compatible, Village, Low Back, Elbowless, Blue","$315.74","4.2 out of 5 stars","430"
"60","Flash Furniture Porter Rotating Office Chair, Purple Mesh, Black Frame, High Back, Ergonomic, with Flip-Up Arm","$351.40","4.1 out of 5 stars","537"
"61","COUGAR Armor ONE CGR-NXNB-GC3 Gaming Chair, Office Chair, Computer Chair, Gaming Chair, Desk Chair, Ergonomic, Reclining, High Back, Telework, Full Steel Frame, Check Pattern, Orange","$610.66","4.1 out of 5 stars","244"
"62","SANWA Supply SNC-W01 OA Chair","$129.79","4.2 out of 5 stars","4"
"63","Nakabayashi 87433 Mesh Back Chair, Black","$88.08","4.4 out of 5 stars","91"
"64","Flash Furniture Tyler Mid-Back Black Mesh Ergonomic Drafting Chair with Adjustable Chrome Foot Ring, Adjustable Arms and Black Frame","$184.55","4.2 out of 5 stars","1"
"65","Hasegawa FA02 Meeting Room Desk & Chair, Medium","$30.95","4.6 out of 5 stars","144"
"66","Iam Potential","$127.25","4.1 out of 5 stars","2,414"
"67","ZREBZYR Metal Seat Mechanism Base Plate Seat Mechanism Rocker Function Height Adjustment for Office Chair Lock Lever Replacement Part Office Chair, A3","$183.52","1.0 out of 5 stars","42"
"68","Flash Furniture High Back Office Chair | High Back LeatherSoft Executive Office Swivel Chair with Wheels","$42.78","4.2 out of 5 stars","59"
"69","Fix Sinking Office Chair, No Gas Lift Cylinder or Tools Required, Office Chair Protector for Stop Sinking, Stainless Steel, Height Adjustable Office Chair, Gas Lift Cylinder Alternative with a","$392.01","4.3 out of 5 stars","54"
"70","Itoki YNE-GR Salida Office Chair, Desk Chair, One Tone Chair, Fixed Armrests, Nylon, Guny Green","$81.53","3.9 out of 5 stars","30"
"71","Flash Furniture Rochelle Executive Swivel Office Chair, Gray, Upholstery, High Back with Arm","$677.66","4.3 out of 5 stars","1,835"
"72","Hara Chair Urus Blue [densan]","$306.45","3.4 out of 5 stars","50"
"73","Doshisha EPRC-WH Office Chair, Stylish, Cute, White, Mesh, Prevents Stuffy, Elbows, Flip-up, Lower Back Pain, Prevents Fatigue, S Shaped Curve, Back Support, Cool, Summer, Breathable, Northern Europe,","$173.06","4.4 out of 5 stars","32"
"74","Flash Furniture CX-1179H-BK-GG Big & Tall Office Chair, Black, 28.7 x 28.7 x 42.1-45.7 inches (73 x 73 x 107-116 cm), Rotating Type, Leather Soft, Padded Arms","$86.20","3.6 out of 5 stars","817"
"75","Hagiwara LC-4497CA Desk Chair, Office Chair, Chair, Chair, Chair, Chair, Chair, Work from Home, No Armrests, PVC Leather, Gas Pressure, Stepless Height Adjustment, Rotating Type, Camel Brown","$158.11","3.4 out of 5 stars","132"
"76","AY HA-602N (GRN) Desk Chair, Green, Width 21.7 x Depth 22.8 x Height 31.4-35.4 inches (55 x 58 x 79.5-89.5 cm), Latina Chair","$81.82","3.8 out of 5 stars","13"
"77","Iris Plaza AROC-61BK Office Chair, Armrest, Desk Chair, Mesh, Computer Chair, Flip-up, Lifting, Locking, Lumbar Support, Black","$93.57","4.1 out of 5 stars","55"
"78","FDW (Factory Direct Wholesale) OffiClever Home Office Chair, Drafting Chair, Computer Chair, Black, Ergonomic Design, Back Support, Adjustable Height, 23.0 x 22.2 x 48.9 inches (58.5 x 56.5 x 124.1","$248.57","3.7 out of 5 stars","9"
"79","BestOffice Office Chair Ergonomic Desk Chair Mesh Computer Chair Swivel Rolling Mid Back Task Chair with Lumbar Support Flip-Up Arms Massage Adjustable Chair for Women Adults(Black)","$86.79","4.3 out of 5 stars","3"
"80","Creative District LDcCMf-W39.5 Low Chair, Small, Multi-Functional Chair, Adjustable Height","$105.23","3.8 out of 5 stars","6"
"81","(Grape Purple) - Flash Furniture GO-725-GRPE-GG High Back Grape Microfiber Upholstered Contemporary Office Chair","$46.11","4.3 out of 5 stars","53"
"82","Nakabayashi CA-A501BK Office Chair Optional Fabric Chair Reception Fixed Elbow","$155.09","4.6 out of 5 stars","53"
"83","Flash Furniture High Back Brown Leather Executive Swivel Chair with Arms","$75.35","4.4 out of 5 stars","53"
"84","Flash Furniture Black Vinyl Frame Office Chair","$159.23","4.2 out of 5 stars","690"
"85","Bauhutte Armrest Cushion Armrest Around BAP-560S-BK Extra Elbow Space, U-Shaped Armrest Cushion, Above Knee Armrest, Armrest, Chair, Gaming Chair Keyboard Mouse","$461.77","3.3 out of 5 stars","141"
"86","Itoki YM4 Salida YM4 White x Light Gray Office Chair [Monotone Design, Middle Back for Back Support, Breathable, Mesh Material/Comfortable Sitting/Locking Function/4.1 inches (10.5 cm) Seat Elevation","$213.26","4.5 out of 5 stars",NA
"87","Hagihara LHC-4470WH Office Chair, Desk Chair, Design Chair, Stepless Height Adjustment, PVC Sheet, Locking Function, Caster, Armrest, 360° Rotation, Width 22.8 x Depth 22.0 x Height 36.6-40.6 inches","$183.52","4.1 out of 5 stars",NA
"88","Itoki Salida YL2 White Frame Model/Water Surface Color Office Chair [Compact High Cost Performance/Comfortable Sitting/Molded Urethane Seat/Simple Locking Function (105° - 112°)/360° Rotation/4.1","$194.42","4.3 out of 5 stars",NA
"89","Koizumi CDC-762SK Study Chair, 4-Step Chair, Board Size (W x D x H): 16.3 x 19.5-21.3 x 29.3 inches (413 x 495-540 x 745 mm), Seat Height: 16.5 x 18.9 inches (420 x 450","$77.11","4 Stars & Up",NA
"90","Fuji Boeki 90874 Office Chair, Desk Chair, Black, Mesh, Lumbar Support, Armrests","$115.67","3 Stars & Up",NA
"91","Bauhutte Armrest Cushion Armrest Around BAP-560S-BK Extra Elbow Space, U-Shaped Armrest Cushion, Above Knee Armrest, Armrest, Chair, Gaming Chair Keyboard Mouse","$159.23","4.3 out of 5 stars.","3"
"92","Itoki YM4 Salida YM4 White x Light Gray Office Chair [Monotone Design, Middle Back for Back Support, Breathable, Mesh Material/Comfortable Sitting/Locking Function/4.1 inches (10.5 cm) Seat Elevation","$461.77","3.9 out of 5 stars.","6"
"93","Hagihara LHC-4470WH Office Chair, Desk Chair, Design Chair, Stepless Height Adjustment, PVC Sheet, Locking Function, Caster, Armrest, 360° Rotation, Width 22.8 x Depth 22.0 x Height 36.6-40.6 inches","$213.26","4.2 out of 5 stars.","53"
"94","Itoki Salida YL2 White Frame Model/Water Surface Color Office Chair [Compact High Cost Performance/Comfortable Sitting/Molded Urethane Seat/Simple Locking Function (105° - 112°)/360° Rotation/4.1","$183.52","4.6 out of 5 stars","53"
"95","Koizumi CDC-762SK Study Chair, 4-Step Chair, Board Size (W x D x H): 16.3 x 19.5-21.3 x 29.3 inches (413 x 495-540 x 745 mm), Seat Height: 16.5 x 18.9 inches (420 x 450","$194.42","4.4 out of 5 stars","690"
"96","Fuji Boeki 90874 Office Chair, Desk Chair, Black, Mesh, Lumbar Support, Armrests","$77.11","4.2 out of 5 stars","141"
"97","Modway EEI-595-TAN Edge Office Chair, Tan, Mesh Back, Vinyl Sheet, with Flip-up Arm, 26D x 26W x 41.0H inches (66D x 66W x 104.1H cm)","$281.61","3.3 out of 5 stars","2"
"98","Armen Living LCBVOFCHWAGR Office Chair, Mid Century Office Chair, Gray, Chrome Finish, Faux Leather/Walnut Veneer","$163.83","4.1 out of 5 stars","13"
"99","Iris Plaza OFC-08 Office Chair, Chair, Desk Chair, Mesh Headrest, Black x Black","$143.12","4.3 out of 5 stars","89"
"100","Office Chair Gaming Chair Rotating Office Chair Adjustable High Desk Chair Ergonomatics Computer Chair Executive Chair Lift Cosmetic Chair Comfortable","$137.92","3.0 out of 5 stars","16"
"101","OA Chair Blue [Home & Kitchen]","$248.31","3.8 out of 5 stars","110"
"102","Tamalive 50001176 Denilo Home Chair, Fabric (Corduroy) Black/Green, Desk Chair, Computer Chair, Learning Chair, with Casters, 360 Degree Rotation, Up and Down Function","$159.79","4.0 out of 5 stars","90"
"103","Ergohuman 146617 Office Chair, Elbow Only","$104.74","4.2 out of 5 stars","1,411"
"104","Flash Furniture Blue Mid-Back Mesh Chair, 65.4 cm W x 69.8 cm D x 110.4 cm H","$93.91","4.0 out of 5 stars","63"
"105","Iris Plaza KKC-03A V Office Chair, Chair, Light Gray","$332.16","4.3 out of 5 stars","32"
"106","Flash Furniture Kelista Office Chair, Ergonomic, Mid-Back, Green Mesh with Swivel","$141.30","4.0 out of 5 stars","5"
"107","Sanwa Supply SNC-A1BK Office Chair/Desk Chair, Polypropylene, Black","$79.49","4.5 out of 5 stars","5"
"108","Stroke 8'' Gas Lift Cylinder Replacement Pneumatic Chair Part Heavy Duty Steel Case Universal Size Height Extension for Office Stool Chair","$3.00","4.2 out of 5 stars","14"
"109","Fractional","$219.69","4.1 out of 5 stars","9"
"110","Flash Furniture Clayton 360 Degree Swivel Task Chair, Gray, Midback, Vinyl Upholstery, Tufted Back","$132.94","4.5 out of 5 stars","1"
"111","CSPU-IV Desk Chair with a Compact Design That Wraps Around Your Back and is Comfortable Even When Working for Long Periods of time","$137.79","3.6 out of 5 stars","17"
"112","Doshisha HDCH-BR Dining Chair Elbow Desk Chair Rotatable, Stylish, Cute, Lever Lift Type, Compact, Synthetic Leather, Thick Cushion, Won't Hurt Your Butt, Tired, Office Chair, Brown, Brown","$132.56","4.1 out of 5 stars","23"
"113","Iris Plaza DFC-600PK Fabric Chair with Armrests, Curved Silhouette Design That Fits The Body, One-Touch Lifting Lever with Casters, Pink","$248.65","3.0 out of 5 stars","1"
"114","Sentiment Home Office Desk Chair, Computer Chair, Executive Chair, Modern Chair, Blue, Lumbar Support, Big & Tall Type, Mesh","$248.65","4.2 out of 5 stars","363"
"115","FDW (Factory Direct Wholesale) Computer Chair, Ergonomic Design, Mesh, Lumbar Support, Flip-up Type, Mid Back, Black and Blue","$102.69","4.1 out of 5 stars","157"
"116","Camping Chair, Outdoor Chair, Wood Chair, Foldable, Compact, Chair, Storage Bag Included","$72.73","5.0 out of 5 stars","162"
"117","ergohuman2 Jacket Hanger for Office Chair Frame: Black (Compatible Models: EHP2-LPL/EHP2-HAM/EHP2-LAM)","$336.27","4.3 out of 5 stars","2,661"
"118","Flash Furniture Whitney Executive Swivel Office Chair, Gray, Soft Leather, Mid Back, Chrome Frame, Swivel Arm Chair","$104.68","4.2 out of 5 stars","89"
"119","Nakabayashi RZC-273BK Antibacterial Leather Office Chair Desk Chair Black","$195.72","4.4 out of 5 stars","25"
"120","Yamazen HLD-63(WH) Chair, PC Chair, Work Chair, Office Chair, with Casters, Width 26.0 x Depth 21.5 x Height 32.7-35.8 inches (66 x 54.5 x 83-90.5 cm), Assembly, White","$340.80","4.2 out of 5 stars","118"
"121","Flash Furniture Kelista Rotating Task Office Chair, Blue, Mesh, Mid Back, Ergonomic Flip-up Arm Included","$87.47","4.4 out of 5 stars","768"
"122","SANWA Supply SNC-ECO3GYN OA Chair: Gray","$148.04","3.5 out of 5 stars","198"
"123","Sanwa Supply SNC-NET14ABK Desk Chair OA Chair Black","$330.82","3.8 out of 5 stars","1,870"
"124","OffiClever Home Office Chair, Computer Chair, Blue, Ergonomic Design, Mesh, Mid Back, with Casters, Lumbar Support, Armrests, Adjustable, Executive, Unisex","$240.15","4.0 out of 5 stars","90"
"125","Modway Veer Drafting Stool-Chair (26L x 26W x 49.5H) Gray","$203.00","4.3 out of 5 stars","174"
"126","Flash Furniture Low Back Designer Armless Ribbed Swivel Task Office Chair, Foam Metal Plastic, Tan Vinyl/Chrome Frame, Set of 1","$390.77","4.1 out of 5 stars","44"
"127","Nakabayashi 87424 Fabric Pocket Coil Chair, Brown","$194.60","3.9 out of 5 stars","485"
"128","Flash Furniture Mid-Back Black Leather Executive Wood Office Chair","$174.08","4.1 out of 5 stars",NA
"129","Iris Plaza H-8800L Office Chair, High Back, Stepless Reclining, 170° Leather, Footrest, Thick Cushion, Lumbar Support, Stepless Elevation, Brown","$155.79","4.3 out of 5 stars",NA
"130","Armen Living LCJUOFCHBL Office Chair, Modern Chair, Black, Back Walnut Veneer, Chrome Plating, Julian","$217.36","4.5 out of 5 stars",NA
"131","Gart Godeau Desk Chair, Navy, Width 23.6 inches (60 cm)","$210.15","4 Stars & Up",NA
"132","BestOffice Drafting Chair Tall Office Chair Adjustable Height with Lumbar Support Arms Footrest Mid Back Desk Chair Swivel Rolling Mesh Computer Chair for Adults Standing Desk Drafting Stool(Black)","$183.31","3 Stars & Up",NA
"133","Flash Furniture Ronald Mid-Back Black LeatherSoft Swivel Ergonomic Task Office Chair with Back Depth Adjustment","$210.17","2 Stars & Up",NA
"134","Flash Furniture Reception/Office Side Chair, Black Soft Leather, W 29.1 x D 31.1 x H 41.7 inches (74 x 79 x 106 cm)","$153.42","1 Star & Up",NA
"135","Modway Jive Mid Back Office Chair, Black","$163.61",NA,NA
"136","Bauhutte Armrest Cushion Armrest Around BAP-560S-BK Extra Elbow Space, U-Shaped Armrest Cushion, Above Knee Armrest, Armrest, Chair, Gaming Chair Keyboard Mouse","$159.23","4.3 out of 5 stars.","3"
"137","Itoki YM4 Salida YM4 White x Light Gray Office Chair [Monotone Design, Middle Back for Back Support, Breathable, Mesh Material/Comfortable Sitting/Locking Function/4.1 inches (10.5 cm) Seat Elevation","$461.77","3.9 out of 5 stars.","6"
"138","Hagihara LHC-4470WH Office Chair, Desk Chair, Design Chair, Stepless Height Adjustment, PVC Sheet, Locking Function, Caster, Armrest, 360° Rotation, Width 22.8 x Depth 22.0 x Height 36.6-40.6 inches","$213.26","4.2 out of 5 stars.","53"
"139","Itoki Salida YL2 White Frame Model/Water Surface Color Office Chair [Compact High Cost Performance/Comfortable Sitting/Molded Urethane Seat/Simple Locking Function (105° - 112°)/360° Rotation/4.1","$183.52","4.6 out of 5 stars","53"
"140","Koizumi CDC-762SK Study Chair, 4-Step Chair, Board Size (W x D x H): 16.3 x 19.5-21.3 x 29.3 inches (413 x 495-540 x 745 mm), Seat Height: 16.5 x 18.9 inches (420 x 450","$194.42","4.4 out of 5 stars","690"
"141","Fuji Boeki 90874 Office Chair, Desk Chair, Black, Mesh, Lumbar Support, Armrests","$77.11","4.2 out of 5 stars","141"
"142","Modway EEI-595-TAN Edge Office Chair, Tan, Mesh Back, Vinyl Sheet, with Flip-up Arm, 26D x 26W x 41.0H inches (66D x 66W x 104.1H cm)","$281.61","3.3 out of 5 stars","2"
"143","Armen Living LCBVOFCHWAGR Office Chair, Mid Century Office Chair, Gray, Chrome Finish, Faux Leather/Walnut Veneer","$163.83","4.1 out of 5 stars","13"
"144","Iris Plaza OFC-08 Office Chair, Chair, Desk Chair, Mesh Headrest, Black x Black","$143.12","4.3 out of 5 stars","89"
"145","Office Chair Gaming Chair Rotating Office Chair Adjustable High Desk Chair Ergonomatics Computer Chair Executive Chair Lift Cosmetic Chair Comfortable","$137.92","3.0 out of 5 stars","16"
"146","OA Chair Blue [Home & Kitchen]","$248.31","3.8 out of 5 stars","110"
"147","Tamalive 50001176 Denilo Home Chair, Fabric (Corduroy) Black/Green, Desk Chair, Computer Chair, Learning Chair, with Casters, 360 Degree Rotation, Up and Down Function","$159.79","4.0 out of 5 stars","90"
"148","Ergohuman 146617 Office Chair, Elbow Only","$104.74","4.2 out of 5 stars","1,411"
"149","Flash Furniture Blue Mid-Back Mesh Chair, 65.4 cm W x 69.8 cm D x 110.4 cm H","$93.91","4.0 out of 5 stars","63"
"150","Iris Plaza KKC-03A V Office Chair, Chair, Light Gray","$332.16","4.3 out of 5 stars","32"
"151","Flash Furniture Kelista Office Chair, Ergonomic, Mid-Back, Green Mesh with Swivel","$141.30","4.0 out of 5 stars","5"
"152","Sanwa Supply SNC-A1BK Office Chair/Desk Chair, Polypropylene, Black","$79.49","4.5 out of 5 stars","5"
"153","Stroke 8'' Gas Lift Cylinder Replacement Pneumatic Chair Part Heavy Duty Steel Case Universal Size Height Extension for Office Stool Chair","$3.00","4.2 out of 5 stars","14"
"154","Fractional","$219.69","4.1 out of 5 stars","9"
"155","Flash Furniture Clayton 360 Degree Swivel Task Chair, Gray, Midback, Vinyl Upholstery, Tufted Back","$132.94","4.5 out of 5 stars","1"
"156","CSPU-IV Desk Chair with a Compact Design That Wraps Around Your Back and is Comfortable Even When Working for Long Periods of time","$137.79","3.6 out of 5 stars","17"
"157","Doshisha HDCH-BR Dining Chair Elbow Desk Chair Rotatable, Stylish, Cute, Lever Lift Type, Compact, Synthetic Leather, Thick Cushion, Won't Hurt Your Butt, Tired, Office Chair, Brown, Brown","$132.56","4.1 out of 5 stars","23"
"158","Iris Plaza DFC-600PK Fabric Chair with Armrests, Curved Silhouette Design That Fits The Body, One-Touch Lifting Lever with Casters, Pink","$248.65","3.0 out of 5 stars","1"
"159","Sentiment Home Office Desk Chair, Computer Chair, Executive Chair, Modern Chair, Blue, Lumbar Support, Big & Tall Type, Mesh","$248.65","4.2 out of 5 stars","363"
"160","FDW (Factory Direct Wholesale) Computer Chair, Ergonomic Design, Mesh, Lumbar Support, Flip-up Type, Mid Back, Black and Blue","$102.69","4.1 out of 5 stars","157"
"161","Camping Chair, Outdoor Chair, Wood Chair, Foldable, Compact, Chair, Storage Bag Included","$72.73","5.0 out of 5 stars","162"
"162","ergohuman2 Jacket Hanger for Office Chair Frame: Black (Compatible Models: EHP2-LPL/EHP2-HAM/EHP2-LAM)","$336.27","4.3 out of 5 stars","2,661"
"163","Flash Furniture Whitney Executive Swivel Office Chair, Gray, Soft Leather, Mid Back, Chrome Frame, Swivel Arm Chair","$104.68","4.2 out of 5 stars","89"
"164","Nakabayashi RZC-273BK Antibacterial Leather Office Chair Desk Chair Black","$195.72","4.4 out of 5 stars","25"
"165","Yamazen HLD-63(WH) Chair, PC Chair, Work Chair, Office Chair, with Casters, Width 26.0 x Depth 21.5 x Height 32.7-35.8 inches (66 x 54.5 x 83-90.5 cm), Assembly, White","$340.80","4.2 out of 5 stars","118"
"166","Flash Furniture Kelista Rotating Task Office Chair, Blue, Mesh, Mid Back, Ergonomic Flip-up Arm Included","$87.47","4.4 out of 5 stars","768"
"167","SANWA Supply SNC-ECO3GYN OA Chair: Gray","$148.04","3.5 out of 5 stars","198"
"168","Sanwa Supply SNC-NET14ABK Desk Chair OA Chair Black","$330.82","3.8 out of 5 stars","1,870"
"169","OffiClever Home Office Chair, Computer Chair, Blue, Ergonomic Design, Mesh, Mid Back, with Casters, Lumbar Support, Armrests, Adjustable, Executive, Unisex","$240.15","4.0 out of 5 stars","90"
"170","Modway Veer Drafting Stool-Chair (26L x 26W x 49.5H) Gray","$203.00","4.3 out of 5 stars","174"
"171","Flash Furniture Low Back Designer Armless Ribbed Swivel Task Office Chair, Foam Metal Plastic, Tan Vinyl/Chrome Frame, Set of 1","$390.77","4.1 out of 5 stars","44"
"172","Nakabayashi 87424 Fabric Pocket Coil Chair, Brown","$194.60","3.9 out of 5 stars","485"
"173","Flash Furniture Mid-Back Black Leather Executive Wood Office Chair","$174.08","4.1 out of 5 stars",NA
"174","Iris Plaza H-8800L Office Chair, High Back, Stepless Reclining, 170° Leather, Footrest, Thick Cushion, Lumbar Support, Stepless Elevation, Brown","$155.79","4.3 out of 5 stars",NA
"175","Armen Living LCJUOFCHBL Office Chair, Modern Chair, Black, Back Walnut Veneer, Chrome Plating, Julian","$217.36","4.5 out of 5 stars",NA
"176","Gart Godeau Desk Chair, Navy, Width 23.6 inches (60 cm)","$210.15","4 Stars & Up",NA
"177","BestOffice Drafting Chair Tall Office Chair Adjustable Height with Lumbar Support Arms Footrest Mid Back Desk Chair Swivel Rolling Mesh Computer Chair for Adults Standing Desk Drafting Stool(Black)","$183.31","3 Stars & Up",NA
"178","Flash Furniture Ronald Mid-Back Black LeatherSoft Swivel Ergonomic Task Office Chair with Back Depth Adjustment","$210.17","2 Stars & Up",NA
"179","Flash Furniture Reception/Office Side Chair, Black Soft Leather, W 29.1 x D 31.1 x H 41.7 inches (74 x 79 x 106 cm)","$153.42","1 Star & Up",NA
"180","Modway Jive Mid Back Office Chair, Black","$163.61",NA,NA
"181","Hagiwara VC-7371WS Folding Chair, Space Saving, White, Seat Height 16.1 inches (41 cm), Desk with Dedicated Hook Sold Separately, 1 Unit","$113.35","4.3 out of 5 stars.","39"
"182","Flash Furniture HERCULES Series 24/7 Intensive Use Big & Tall 350 lb. Rated Black Mesh Multifunction Swivel Chair with Synchro-Tilt","$244.21","3.9 out of 5 stars.","10"
"183","SHIZUMAN","$60.11","4.2 out of 5 stars.","2"
"184","Duorest NEXT1 Gaming Chair, Office Chair, Black, Computer Chair, Movable Elbow, Reclining, Posture Support","$706.03","3.3 out of 5 stars","4,387"
"185","Hara Chair Pascal Gray 30942","$978.76","4.7 out of 5 stars","10"
"186","Iris Plaza OFC-021 Office Chair, Desk Chair, Mesh, Breathable, Waist Support Bar, Stepless Elevation, 360° Rotation, Seat Thickness Urethane Swivel Chair, Pink","$50.52","2.3 out of 5 stars","1,125"
"187","Yamazen SAGR-45 (ABE) Compact 360° Rotatable Chair with Backrest, Foldable, for Kotatsu (W x D x H): 18.1 x 19.1 x 17.9 inches (46 x 48.5 x 45.5 cm), Finished Product, Beige","$152.49","4.4 out of 5 stars","1"
"188","X Rocker SE II Leather Video Gaming Chair Lounging Floor Rocker with Wireless Audio, 2 Speakers & Subwoofer, Ergonomic Lumbar & Neck Support, Armrests, Comfortable, Foldable, Black Silver","$69.69","4.3 out of 5 stars","17"
"189","Homy Casa Store Home Office Ergonomic Desk Swivel Rolling Computer Executive Chair, Dark Blue","$177.60","4.1 out of 5 stars","3,213"
"190","Muji 02850722 Work Chair and Back Wide Arm Set, Set of 2","$165.33","4.0 out of 5 stars","165"
"191","Office Chair Ergonomic Chair Mid Back Mesh Desk Chair Adjustable Height Swivel Mesh Chair Computer Chair with Armrest Lumbar Support (Blue)","$541.60","4.2 out of 5 stars","132"
"192","Camping Chair, Wood Chair, Outdoor Chair, Low Chair, Foldable, Storage Bag Included","$24.70","3.8 out of 5 stars","692"
"193","Bauhutte Class4 F-41-BK Office Chair, Full Mesh, Desk Chair","$440.61","4.2 out of 5 stars","149"
"194","Gaming Chair Office Computer Chair with Footrest Recline Comfort (Pink)","$324.86","3.7 out of 5 stars","444"
"195","Iris Ohyama ZC-9 Floor Chair & Pillow, 2-Way, Fluffy, Floor Chair, Compact, Foldable, Storage, Beige","$144.76","3.7 out of 5 stars","3"
"196","Flash Furniture Kale High Back Black Mesh Spine-Back Ergonomic Drafting Chair with Adjustable Foot Ring and Adjustable Flip-Up Arms","$115.28","4.4 out of 5 stars","31"
"197","Yamazen ERC-60OTV (NA/BR) Relax Chair with Ottoman for Easy Viewing TV, Head Recliner (3 Levels), Ottoman Recliner (5 Levels), High Seat Chair, Personal Chair, Width 22.8 x Depth 33.1-44.9 x Height","$239.89","4.1 out of 5 stars","57"
"198","OSJ Office Chair, Mesh Chair, Computer Chair, 7 Colors (Red) (MS)","$1.99","2.7 out of 5 stars","6"
"199","MASTERY MART Office Chair Gas Lift Cylinder Replacement, 6'' Travel Length, Hydraulic Pneumatic Shock Piston, Heavy Duty 450 LBs/204 KGs, Universal Size Fits Most Office Chair, Class 4 (Matte Black)","$183.11","3.5 out of 5 stars","872"
"200","Gart Travo Desk Chair, Beige, Width 22.4 inches (57 cm)","$216.40","3.8 out of 5 stars","12"
"201","Password","$458.67","3.0 out of 5 stars","1"
"202","SportShiny Starfish Balance Ball Chair–Exercise Stability Yoga Ball Ergonomic Chair for Office& Home Desk with Slipcover and Air Pump,Improve Balance,Core Strength&Posture,Relieve Back Pain,Multicolor","$114.91","4.2 out of 5 stars","4"
"203","Sanwa Supply SNC-T159AG Fabric Chair with Armrests, Green","$266.87","4.3 out of 5 stars","530"
"204","Nitori OC505 BK 6620847 Office Chair","$88.27","4.0 out of 5 stars","2,760"
"205","Nakabayashi Co., Ltd. net chair office chair desk chair chair high back black CNN-004D","$346.47","2.9 out of 5 stars","154"
"206","Best Office Office Office Chair Desk Chair Computer Chair Executive Chair Gray Waist Support Armrest Splash Type Adjustable Rotatable Mesh Ergonomic Design W 25.1 x D 23.5 x H 42.5 inches (100.0 -","$280.44","4.2 out of 5 stars","488"
"207","Nakabayashi Co., Ltd. office options up and down the lift elbow chair black CA-A300BK","$387.53","4.7 out of 5 stars","49"
"208","Modway Attainment Drafting Chair In Black - Reception Desk Chair - Tall Office Chair For Adjustable Standing Desks - Flip-Up Arm Drafting Table Chair","$86.54","4.4 out of 5 stars","135"
"209","Engineered Now The Original Headrest for The Herman Miller Aeron Chair (Onyx, H3 for Remastered)","$108.23","4.0 out of 5 stars","6"
"210","Yamazen GCL-89F (RD/DGY) Chair, Gaming Chair, Small, Width 24.0 x Depth 24.4-39.4 inches (61 x 62-100 x 103-109 cm), Fabric, Computer Chair, Office Chair, Assembly, Red/Wine Gray","$413.63","4.0 out of 5 stars","317"
"211","Itoki Salida YL5A-AEL Adjustable Armrest, Office Chair, Desk Chair, Work Chair, Black","$360.21","4.2 out of 5 stars","37"
"212","plplaaoo Chair Cylinder Replacement, Office Chair Cylinder Replacement, Office Chair Replacement Parts, Explosion-Proof High Performance Gas Lift Cylinder, Black, Non-Sinking Lift Rod, Office Chair","$286.39","4.5 out of 5 stars","2"
"213","Okamura office chair Village mesh without back elbow gray 8VCM1A-FHR2","$49.23","4.0 out of 5 stars",NA
"214","Delta Children Figural Upholstered Kids Chair, Disney Mickey Mouse","$147.50","4.2 out of 5 stars",NA
"215","Office Chair Modern Office Chair Swivel Office Desk Chairs Lift Computer Chair Design with Armrests Desk Chairs Study Chairs Comfortable","$89.23","3.4 out of 5 stars",NA
"216","Flash Furniture Vivian Mid-Back Purple Vinyl Executive Swivel Office Chair with Chrome Base and Arms","$388.46","4 Stars & Up",NA
"217","Sekikagu 376219 Office Chair, Flip-up Armrests, Locking Function, Mesh, Reclining, Elevation, Desk Chair, Red","$605.67","3 Stars & Up",NA
"218","Rack & Container Corporation N-8854 Flower Chair, Pink, Width 18.3 x Depth 21.3 x Height 34.3 inches (46.5 x 54 x 87 cm)","$395.02","2 Stars & Up",NA
"219","2X White Outdoor Director Chair Replacement Cover Canvas Stool Protector Seat Cover Sheet","$165.98","1 Star & Up",NA
"220","Kid's Adjustable Square Pink Table & 4 Pink Chairs Set","$134.20",NA,NA
"221","Sanwa Supply SNC-A1ALGY Office Chair with Armrests, Desk Chair, Light Gray","$240.63",NA,NA
"222","TIANSHU Chair Cylinder Replacement, Heavy Duty(451lbs) Gas Cylinder for Office Chairs, Pneumatic Piston Gas Lift Universal Size(Large, Silver)",NA,NA,NA
"223","Flash Furniture Kelista Mid-Back Blue Mesh Swivel Ergonomic Task Office Chair with White Frame and Flip-Up Arms",NA,NA,NA
"224","KOEKI K-999HR(BK) Mesh High Back Chair with Armrests, Black",NA,NA,NA
"225","Fuji Boeki 19853 Gaming Chair, Desk Chair, Width 27.0 x Depth 23.2 x Height 45.3-48.0 inches (68.5 x 59 x 115-122.5 cm), Yellow, Reclining Function, Footrest Included, Camouflage Pattern",NA,NA,NA
"226","Delta Children Figural Upholstered Kids Chair, Disney Mickey Mouse","$134.36","4.3 out of 5 stars.","2,760"
"227","Office Chair Modern Office Chair Swivel Office Desk Chairs Lift Computer Chair Design with Armrests Desk Chairs Study Chairs Comfortable","$360.21","3.9 out of 5 stars.","154"
"228","Hagiwara LZ-4988-GY Mini Chair Compact, Space-Saving Storage, Foldable, Lightweight, 6.6 lbs (3 kg), Velour Style, Simple, Width 19.7 inches (50 cm), Depth 22.8 inches (58 cm), Height 16.1 inches (41","$286.39","4.2 out of 5 stars.","15"
"229","Flash Furniture Vivian Mid-Back Purple Vinyl Executive Swivel Office Chair with Chrome Base and Arms","$49.23","4.7 out of 5 stars","488"
"230","Sekikagu 376219 Office Chair, Flip-up Armrests, Locking Function, Mesh, Reclining, Elevation, Desk Chair, Red","$633.75","4.4 out of 5 stars","49"
"231","Rack & Container Corporation N-8854 Flower Chair, Pink, Width 18.3 x Depth 21.3 x Height 34.3 inches (46.5 x 54 x 87 cm)","$147.50","4.1 out of 5 stars","135"
"232","2X White Outdoor Director Chair Replacement Cover Canvas Stool Protector Seat Cover Sheet","$89.23","4.0 out of 5 stars","60"
"233","AutoFull AF070 Gaming Chair, Office Chair, Reclining, Computer Chair, High Back, Rocking, Racing Chair, Work Chair, Leather, E-Sports Competition, Multi-Functional, Ergonomic, Blue (No Otman)","$388.46","4.0 out of 5 stars","6"
"234","Kid's Adjustable Square Pink Table & 4 Pink Chairs Set","$605.67","4.2 out of 5 stars","317"
"235","Sanwa Supply SNC-A1ALGY Office Chair with Armrests, Desk Chair, Light Gray","$395.02","4.6 out of 5 stars","37"
"236","TIANSHU Chair Cylinder Replacement, Heavy Duty(451lbs) Gas Cylinder for Office Chairs, Pneumatic Piston Gas Lift Universal Size(Large, Silver)","$165.98","4.5 out of 5 stars","2"
"237","Flash Furniture Kelista Mid-Back Blue Mesh Swivel Ergonomic Task Office Chair with White Frame and Flip-Up Arms","$134.20","4.0 out of 5 stars",NA
"238","Flesh and the Devil","$240.63","4.2 out of 5 stars",NA
"239","KOEKI K-999HR(BK) Mesh High Back Chair with Armrests, Black",NA,"3.4 out of 5 stars",NA
"240","Fuji Boeki 19853 Gaming Chair, Desk Chair, Width 27.0 x Depth 23.2 x Height 45.3-48.0 inches (68.5 x 59 x 115-122.5 cm), Yellow, Reclining Function, Footrest Included, Camouflage Pattern",NA,"4 Stars & Up",NA
"241","Nakabayashi RZF-103LBR Office Chair, Sitting Chair with Rotating Board, Beige",NA,"3 Stars & Up",NA
"242","Plus KD-KAA BK Office Chair, Adjustable Elbow",NA,"2 Stars & Up",NA
"243","Sanwa Supply SNC-E9BL Desk Chair, Office Chair, Ecology Chair, Blue",NA,"1 Star & Up",NA
"244",NA,NA,NA,NA
"245",NA,NA,NA,NA
"246",NA,NA,NA,NA
"247",NA,NA,NA,NA
"248",NA,NA,NA,NA
"249",NA,NA,NA,NA
"250",NA,NA,NA,NA
"251",NA,NA,NA,NA
"252",NA,NA,NA,NA
"253",NA,NA,NA,NA
"254",NA,NA,NA,NA
"255",NA,NA,NA,NA
"256",NA,NA,NA,NA
"257",NA,NA,NA,NA
"258",NA,NA,NA,NA
"259",NA,NA,NA,NA
"260",NA,NA,NA,NA
"261",NA,NA,NA,NA
"262",NA,NA,NA,NA
"263",NA,NA,NA,NA
"264",NA,NA,NA,NA
"265",NA,NA,NA,NA
"266",NA,NA,NA,NA
"267",NA,NA,NA,NA
"268",NA,NA,NA,NA
"269",NA,NA,NA,NA
"270",NA,NA,NA,NA
